2,クロスカブ50,https://img.webike-cdn.net/moto_img/cg/11/10227/L_cde629cf1344ba858b6b5143d5.jpg,404.2,49,cat05,1
3,ジャイロX スタンダード,https://img.webike-cdn.net/moto_img/cg/11/10358/L_8c22660d148a344a0da4fe8300.jpg,271.4,49,cat02,1
4,ジャイロX ベーシック,https://img.webike-cdn.net/moto_img/cg/11/10359/L_f90f286bfdc7b598367f45953d.jpg,276.0,49,cat02,1
5,ジャイロキャノピー,https://img.webike-cdn.net/moto_img/cg/10/9705/L_c53ba5a4d39dffb4fb01186048.jpg,321.6,49,cat02,1
6,ジョルノ,https://img.webike-cdn.net/moto_img/cg/11/10122/L_94914f2a46161532667134b8d9.jpg,360.0,49,cat02,1
7,ジョルノ デラックス,https://img.webike-cdn.net/moto_img/cg/10/9710/L_fd8c9a7c13f2664129c4fd8fa9.jpg,360.0,49,cat02,1
8,スーパーカブ50,https://img.webike-cdn.net/moto_img/cg/11/10225/L_ddc00c03ced85c28a460c1f331.jpg,451.5,49,cat05,1
9,スーパーカブ50プロ,https://img.webike-cdn.net/moto_img/cg/11/10226/L_8b9b4a2d7661671d16ad50e095.jpg,399.9,49,cat05,1
10,タクト,https://img.webike-cdn.net/moto_img/cg/11/10069/L_dd89eb1023259d456cfcd6f82d.jpg,360.0,49,cat02,1
11,タクト ベーシック,https://img.webike-cdn.net/moto_img/cg/11/10070/L_d43794a96681b78d024a730f84.jpg,360.0,49,cat02,1
12,ダンク,https://img.webike-cdn.net/moto_img/cg/11/10123/L_dcc03edc3559348a5212231168.jpg,338.9,49,cat02,1
13,ベンリィ,https://img.webike-cdn.net/moto_img/cg/11/10353/L_40e35c0949902b77ca4081e91c.jpg,652.0,49,cat02,1
14,ベンリィ プロ,https://img.webike-cdn.net/moto_img/cg/11/10354/L_862f1035a6573191bfb41a3f8f.jpg,652.0,49,cat02,1
19,クロスカブ110,https://img.webike-cdn.net/moto_img/cg/11/10184/L_e0f6a49b3d160744f19969d91c.jpg,274.7,109,cat05,1
20,スーパーカブ110,https://img.webike-cdn.net/moto_img/cg/11/10183/L_059ae2c98f9af4c6eaeec7ad64.jpg,278.8,109,cat05,1
21,スーパーカブ110プロ,https://img.webike-cdn.net/moto_img/cg/11/10199/L_2fc4af023d154a6388a8d0e47f.jpg,278.8,109,cat14,1
22,ディオ110,https://img.webike-cdn.net/moto_img/cg/11/10257/L_8e910d75adf0914dddb5d0c27b.jpg,269.0,109,cat03,1
23,ベンリィ110,https://img.webike-cdn.net/moto_img/cg/11/10356/L_a3e2df9b24af442ad32a9eff59.jpg,530.0,107,cat03,1
24,ベンリィ110プロ,https://img.webike-cdn.net/moto_img/cg/11/10357/L_3fb144160d00acf28df04d6be7.jpg,530.0,107,cat03,1
27,CB125R,https://img.webike-cdn.net/moto_img/cg/10/9684/L_03aeb2901f021fccb1918d92a4.jpg,530.0,124,cat05,1
31,CT125 ハンターカブ,https://img.webike-cdn.net/moto_img/cg/11/10382/L_c6b491aa63b2d31c3ef49e5885.jpg,333.9,123,cat05,1
33,PCX eHEV,https://img.webike-cdn.net/moto_img/cg/10/9604/L_3c4712577b4e08f33ecfebec8e.jpg,414.7,124,cat03,1
34,PCX125,https://img.webike-cdn.net/moto_img/cg/11/10245/L_9903d28513ffa0b84fa4d92aeb.jpg,383.9,124,cat03,1
35,Sh モード,https://img.webike-cdn.net/moto_img/cg/9/8130/L_195541fcaab554042f0243da01.jpg,259.6,124,cat03,1
40,グロム,https://img.webike-cdn.net/moto_img/cg/10/9681/L_5ded1dfe1afe452e93e54cbc22.jpg,411.0,123,cat05,1
41,スーパーカブC125,https://img.webike-cdn.net/moto_img/cg/11/10032/L_1cbca3196ebf6fd3e61057c0e1.jpg,259.0,124,cat05,1
42,ダックス125,https://img.webike-cdn.net/moto_img/cg/11/10182/L_19eb3146fe90f6daa0c98edca1.jpg,209.0,123,cat05,1
44,フォルツァ 125,https://img.webike-cdn.net/moto_img/cg/9/8129/L_1e2ad18f55f437d38a372b6445.jpg,500.3,124,cat03,1
45,モンキー125,https://img.webike-cdn.net/moto_img/cg/11/10033/L_d028f734b020cbe2b32bcb5238.jpg,394.8,124,cat05,1
46,リード125,https://img.webike-cdn.net/moto_img/cg/11/10124/L_58433ce9de2014738017dd95aa.jpg,315.0,124,cat03,1
47,ADV150,https://img.webike-cdn.net/moto_img/cg/10/9805/L_1cc5d239cc6538cc30051bfff6.jpg,421.2,149,cat04,1
54,PCX150,https://img.webike-cdn.net/moto_img/cg/10/9401/L_60841889fa8b107b54e66f14b9.jpg,423.2,149,cat04,1
58,PCX160,https://img.webike-cdn.net/moto_img/cg/11/10246/L_e73aef5cfb24487e6926dc0260.jpg,366.1,156,cat04,1
68,CB250R,https://img.webike-cdn.net/moto_img/cg/11/10248/L_a526dc6da0c437b6e7dde6cb99.jpg,450.0,249,cat08,1
69,CBR250RR(2017-),https://img.webike-cdn.net/moto_img/cg/11/10108/L_8d0064551beccf649950e09770.jpg,561.4,249,cat09,1
70,CRF250 RALLY,https://img.webike-cdn.net/moto_img/cg/10/9593/L_308e418b5774edd2bdbd0f76b8.jpg,417.6,249,cat12,1
72,CRF250L,https://img.webike-cdn.net/moto_img/cg/10/9592/L_b9d77f74845fbd9ba0ec493939.jpg,358.8,249,cat12,1
73,CRF250M,https://img.webike-cdn.net/moto_img/cg/9/8675/L_525c0305b36326f03d9dbf4403.jpg,345.5,249,cat12,1
77,フォルツァ,https://img.webike-cdn.net/moto_img/cg/10/9680/L_09539c6dc4c1da7fae806c24a6.jpg,365.2,249,cat04,1
78,レブル 250,https://img.webike-cdn.net/moto_img/cg/11/10385/L_1d4b2e0a16be54012adcd9b579.jpg,511.5,249,cat11,1
79,CB300R,https://img.webike-cdn.net/moto_img/cg/9/8886/L_625a9c63818e9108980f959286.jpg,302.0,286,cat08,1
85,GB350,https://img.webike-cdn.net/moto_img/cg/10/9692/L_fb1df3c1ddaffb7ffcafc7e7cd.jpg,615.0,348,cat07,1
86,GB350S,https://img.webike-cdn.net/moto_img/cg/10/9693/L_cc2e873aff55906be45a8c9acd.jpg,615.0,348,cat07,1
90,400X,https://img.webike-cdn.net/moto_img/cg/11/10091/L_0780440496563cabfd7cf0125d.jpg,474.3,399,cat10,1
91,CB400スーパーフォア,https://img.webike-cdn.net/moto_img/cg/10/9341/L_2a4d8ae05b90e915aaace0e765.jpg,558.0,399,cat08,1
92,CB400スーパーボルドール,https://img.webike-cdn.net/moto_img/cg/10/9750/L_e58c365aeb2324d88fcdf5abd5.jpg,558.0,399,cat08,1
93,CBR400R,https://img.webike-cdn.net/moto_img/cg/11/10090/L_2c4bc276d37112007ab90ce2c4.jpg,474.3,399,cat09,1
94,シャドウカスタム400,画像なし,560.0,398,cat11,1
95,CRF450L,https://img.webike-cdn.net/moto_img/cg/9/8949/L_f1bde77b41ca0ce7114c9543bf.jpg,235.6,449,cat12,1
99,CB500X,https://img.webike-cdn.net/moto_img/cg/9/8127/L_65943a82cd30a30753731709a1.jpg,514.5,471,cat10,1
101,レブル 500,https://img.webike-cdn.net/moto_img/cg/10/9414/L_c4ce00a4d7a4b380047fd89c45.jpg,442.2,471,cat11,1
103,CBR600RR,https://img.webike-cdn.net/moto_img/cg/10/9532/L_fe3893af7acfe5f8ab161cbc39.jpg,311.4,599,cat09,1
105,CB650F,https://img.webike-cdn.net/moto_img/cg/9/8659/L_8ea5c4c4c055ff19cfd4ce7f8d.jpg,535.5,648,cat08,1
106,CB650R,https://img.webike-cdn.net/moto_img/cg/10/9769/L_7a027e323e1c85b1ea0205470e.jpg,472.5,648,cat08,1
107,CBR650F,https://img.webike-cdn.net/moto_img/cg/9/8658/L_b37dbec9c1963aff9c2a7213f4.jpg,535.5,648,cat10,1
108,CBR650R,https://img.webike-cdn.net/moto_img/cg/10/9768/L_35fa78e9f4b4022e1c57fadd67.jpg,472.5,648,cat10,1
110,NC750S,https://img.webike-cdn.net/moto_img/cg/10/9770/L_df6ee6ab3d8dd44dfed40d7d2f.jpg,595.0,745,cat08,1
111,NC750S デュアルクラッチトランスミッション,https://img.webike-cdn.net/moto_img/cg/10/9771/L_efd5916ef264f2362a9ac63d4b.jpg,595.0,745,cat10,1
112,NC750X,https://img.webike-cdn.net/moto_img/cg/11/10403/L_f23135997bb9785941eecd54f3.jpg,400.4,745,cat10,1
113,NC750X デュアルクラッチトランスミッション,https://img.webike-cdn.net/moto_img/cg/11/10404/L_6917285b8d7dc35aa8255af5db.jpg,400.4,745,cat10,1
114,NM4-01,https://img.webike-cdn.net/moto_img/cg/9/8633/L_7fe806db550e822e4178a06435.jpg,418.0,745,cat10,1
115,NM4-02,https://img.webike-cdn.net/moto_img/cg/9/8636/L_d080fa8d0755316e8c870072b1.jpg,418.0,745,cat10,1
116,X-ADV,https://img.webike-cdn.net/moto_img/cg/11/10247/L_fc5bffdbd8b5e332654325902a.jpg,360.1,745,cat04,1
117,VFR800F,https://img.webike-cdn.net/moto_img/cg/10/9767/L_8cedebd053d934562329d74835.jpg,602.7,781,cat10,1
118,VFR800X,https://img.webike-cdn.net/moto_img/cg/10/9766/L_79591f45ca438a1b484af03010.jpg,548.0,781,cat10,1
119,CB1000R (2018-),https://img.webike-cdn.net/moto_img/cg/11/10194/L_c7aeeed765ed0a6875c8574586.jpg,275.2,998,cat08,1
120,CBR1000RR,https://img.webike-cdn.net/moto_img/cg/10/9055/L_f665d86290ed86f23174567161.jpg,400.0,999,cat09,1
122,CBR1000RR-R FIREBLADE,https://img.webike-cdn.net/moto_img/cg/11/10167/L_78723103ea6e9296503a7aba14.jpg,352.0,999,cat09,1
124,CRF1000L アフリカツイン,https://img.webike-cdn.net/moto_img/cg/10/9059/L_21f1987683575ae11ff75978fe.jpg,576.0,998,cat10,1
125,CRF1000L アフリカツイン Adventure Sports,https://img.webike-cdn.net/moto_img/cg/10/9067/L_28b8cbe1e83a94b7d994a3278d.jpg,768.0,998,cat10,1
126,CB1100,https://img.webike-cdn.net/moto_img/cg/10/9759/L_855d8f39fc14d6b29b66033f46.jpg,532.1,1140,cat08,1
127,CB1100 EX,https://img.webike-cdn.net/moto_img/cg/11/10045/L_e25661d5eabd1e0c19b5fc36e3.jpg,500.8,1140,cat07,1
128,CB1100 RS,https://img.webike-cdn.net/moto_img/cg/11/10044/L_869be12630ef1384b3e6896fe4.jpg,497.6,1140,cat07,1
129,CRF1100L アフリカツイン,https://img.webike-cdn.net/moto_img/cg/11/10125/L_9b9c6684584d869d491af2456b.jpg,576.0,1082,cat10,1
130,CRF1100L アフリカツイン Adventure Sports,https://img.webike-cdn.net/moto_img/cg/11/10129/L_7297aca01adbfd53af8a300a62.jpg,768.0,1082,cat10,1
131,HAWK11,https://img.webike-cdn.net/moto_img/cg/11/10198/L_f3f2499e69491ba0841209260e.jpg,469.0,1082,cat08,1
132,NT1100,https://img.webike-cdn.net/moto_img/cg/11/10107/L_1512641a8578a9161d44fb2bd7.jpg,610.0,1082,cat10,1
133,レブル1100,https://img.webike-cdn.net/moto_img/cg/10/9608/L_d864715e45f2202d3c4ed9ac1d.jpg,409.5,1082,cat11,1
134,VFR1200Xクロスツアラー,https://img.webike-cdn.net/moto_img/cg/9/8124/L_c73b937d5f0e1c1401ff6c2c12.jpg,350.5,1237,cat10,1
135,CB1300スーパーフォア,https://img.webike-cdn.net/moto_img/cg/11/10395/L_521c05f9427864c22274f2475a.jpg,361.2,1284,cat08,1
136,CB1300スーパーボルドール,https://img.webike-cdn.net/moto_img/cg/11/10398/L_a4f6e060637360164b0885ef43.jpg,361.2,1284,cat08,1
137,ゴールドウイング,https://img.webike-cdn.net/moto_img/cg/11/10086/L_ceb1036d525130feb73a39a997.jpg,567.0,1833,cat11,1
138,E ビーノ (電動バイク),https://img.webike-cdn.net/moto_img/cg/11/10347/L_70b3de67268a69d613b16e0495.jpg,320.0,0.58,cat02,2
140,TZR50,https://img.webike-cdn.net/moto_img/cg/8/7857/L_1bc62c078c40c8a8c7fb7be8d8.jpg,800.0,49,cat05,2
141,ギア,https://img.webike-cdn.net/moto_img/cg/11/10388/L_24fddb6bb21a216ddd8dd9ea80.jpg,501.8,49,cat02,2
142,ジョグ,https://img.webike-cdn.net/moto_img/cg/10/9648/L_a9aecd0520eeceeb5d929d8730.jpg,360.0,49,cat02,2
143,ジョグ プチ,https://img.webike-cdn.net/moto_img/cg/9/8657/L_52896e21bac85ca9ec987df4b8.jpg,303.6,49,cat02,2
144,ジョグZR,https://img.webike-cdn.net/moto_img/cg/9/8660/L_e4974ee0884edaaf7ba0da487c.jpg,306.7,49,cat02,2
145,ジョグデラックス,https://img.webike-cdn.net/moto_img/cg/10/9649/L_b70c188e532fe85b1dca44e7a8.jpg,360.0,49,cat02,2
146,ニュースギア,https://img.webike-cdn.net/moto_img/cg/11/10390/L_b44b48d81c21c2d407897a2fb5.jpg,501.8,49,cat02,2
147,ビーノ,https://img.webike-cdn.net/moto_img/cg/11/10169/L_326681a16f68064553dffdcd85.jpg,360.0,49,cat02,2
148,ビーノデラックス,https://img.webike-cdn.net/moto_img/cg/9/8668/L_a6bd360f0a59e3ea1712a9efa5.jpg,307.4,49,cat02,2
149,ビーノモルフェ,https://img.webike-cdn.net/moto_img/cg/9/8664/L_852a4b1fce3f9cc4710878d4a5.jpg,307.4,49,cat02,2
159,BWS125(ビーウィズ),https://img.webike-cdn.net/moto_img/cg/10/9489/L_8b4b8cb6eb3b2b0105fd417f68.jpg,262.6,124,cat03,2
162,NMAX,https://img.webike-cdn.net/moto_img/cg/11/10319/L_672dd0c25fe43831bf0d5c5c63.jpg,345.8,124,cat03,2
171,アクシス Z,https://img.webike-cdn.net/moto_img/cg/11/10135/L_d9573ba5f0606d87c46493e2f2.jpg,319.0,124,cat03,2
172,シグナス グリファス,https://img.webike-cdn.net/moto_img/cg/11/10085/L_46d10b1370848de0c669290413.jpg,271.5,124,cat03,2
175,シグナスX,https://img.webike-cdn.net/moto_img/cg/10/9436/L_baf6bc4f84eee57e04af615c22.jpg,281.5,124,cat03,2
176,ジョグ125,https://img.webike-cdn.net/moto_img/cg/11/10381/L_76709010de1d4d41bfb28b3d17.jpg,230.8,124,cat03,2
177,トリシティ,https://img.webike-cdn.net/moto_img/cg/10/9686/L_be0393bb0f583ba31056a746f2.jpg,332.6,124,cat03,2
183,NMAX 155,https://img.webike-cdn.net/moto_img/cg/11/10204/L_7637c0b849b88bff3de84a317a.jpg,355.7,155,cat04,2
186,X FORCE,https://img.webike-cdn.net/moto_img/cg/11/10244/L_1148cee2ee6b9d0d42f9eafac9.jpg,293.4,155,cat04,2
188,トリシティ 155,https://img.webike-cdn.net/moto_img/cg/10/9469/L_62196a1fa55c4f84aff669477b.jpg,312.5,155,cat04,2
189,マジェスティS,https://img.webike-cdn.net/moto_img/cg/10/9435/L_7a5b8a5a11344a65c04318e219.jpg,296.0,155,cat04,2
191,MT-25,https://img.webike-cdn.net/moto_img/cg/11/10203/L_8fb8648b50cc843efa137edd0d.jpg,527.8,249,cat08,2
192,XMAX 250,https://img.webike-cdn.net/moto_img/cg/11/10321/L_25e2333aa0ca9102c8df97ca60.jpg,535.6,249,cat04,2
197,YZF-R25,https://img.webike-cdn.net/moto_img/cg/11/10200/L_b3139c378840d9293ef51ffab7.jpg,525.0,249,cat09,2
198,セロー 250,https://img.webike-cdn.net/moto_img/cg/10/9332/L_3553f89a80896a647b9e7a63a5.jpg,446.4,249,cat12,2
199,ツーリングセロー,https://img.webike-cdn.net/moto_img/cg/10/9339/L_ba2eb58039f1d3d616b691ee7e.jpg,446.4,249,cat12,2
201,トリシティ 300,https://img.webike-cdn.net/moto_img/cg/10/9533/L_eb537c89d71241d9ac07a2d247.jpg,409.5,292,cat04,2
202,MT-03,https://img.webike-cdn.net/moto_img/cg/10/9661/L_25bc411b6088784e5d396a6cdd.jpg,578.2,320,cat08,2
203,YZF-R3,https://img.webike-cdn.net/moto_img/cg/11/10202/L_eab27b2602c17540f2310bc838.jpg,582.4,320,cat09,2
204,SR400,https://img.webike-cdn.net/moto_img/cg/10/9624/L_127d29cbc7c9f797d96d0952ee.jpg,488.4,399,cat07,2
208,TMAX530,https://img.webike-cdn.net/moto_img/cg/10/9119/L_b508d4e6d1b989c647a474138a.jpg,429.0,530,cat04,2
209,TMAX560,https://img.webike-cdn.net/moto_img/cg/11/10243/L_a6356b0b9e9b77aa86516c9cd3.jpg,475.5,561,cat04,2
210,YZF-R6,https://img.webike-cdn.net/moto_img/cg/8/7859/L_1c0cfbcd87ea4c28774764af19.jpg,294.0,599,cat09,2
212,MT-07,https://img.webike-cdn.net/moto_img/cg/11/10193/L_9c0ec5fb842b3840690060ee77.jpg,520.0,688,cat08,2
214,XSR700,https://img.webike-cdn.net/moto_img/cg/11/10141/L_d999e65117899e7173116f41f8.jpg,520.0,688,cat08,2
215,YZF-R7,https://img.webike-cdn.net/moto_img/cg/11/10099/L_f37074e1ff5a359ba90f00c119.jpg,540.0,688,cat09,2
216,テネレ700,https://img.webike-cdn.net/moto_img/cg/11/10179/L_62614ce75b18ce14883063e8c8.jpg,620.8,688,cat10,2
217,NIKEN,https://img.webike-cdn.net/moto_img/cg/10/9349/L_dd33df72586825b09e0757f5b3.jpg,471.6,845,cat10,2
218,MT-09,https://img.webike-cdn.net/moto_img/cg/11/10249/L_f0ef5b7479128d415764835204.jpg,425.6,888,cat08,2
219,XSR900,https://img.webike-cdn.net/moto_img/cg/11/10230/L_e0c2d391e1fc0a15179fcf7f12.jpg,435.4,888,cat08,2
220,トレーサー9 GT,https://img.webike-cdn.net/moto_img/cg/10/9847/L_3bfd2806695cbaeb6f7f2cb911.jpg,549.0,888,cat10,2
221,トレーサー900,https://img.webike-cdn.net/moto_img/cg/10/9391/L_a132f7f7529abee7957a10f972.jpg,511.2,847,cat10,2
222,SCR950,https://img.webike-cdn.net/moto_img/cg/9/8618/L_6dfa1ad894e69f680f250dccd4.jpg,403.0,942,cat07,2
224,ボルト,https://img.webike-cdn.net/moto_img/cg/10/9737/L_d9ff8f9b8256e170997bc3b547.jpg,399.1,941,cat11,2
225,MT-10,https://img.webike-cdn.net/moto_img/cg/11/10306/L_c528551180d01126513b186c88.jpg,404.6,997,cat08,2
226,YZF-R1,https://img.webike-cdn.net/moto_img/cg/11/10046/L_581356a73309c9c5bbd717e604.jpg,367.2,997,cat09,2
228,YZF-R1M,https://img.webike-cdn.net/moto_img/cg/11/10048/L_154e813b260d14b770f2197853.jpg,367.2,997,cat09,2
230,FJR1300A,https://img.webike-cdn.net/moto_img/cg/11/10112/L_614e2ce73700105c8e3cfcafc3.jpg,600.0,1297,cat10,2
232,FJR1300AS,https://img.webike-cdn.net/moto_img/cg/11/10110/L_8668814d9712925716fdffd694.jpg,600.0,1297,cat10,2
244,Z125 プロ,https://img.webike-cdn.net/moto_img/cg/10/9540/L_e7d6d211e6a2aee6e6368a0dbe.jpg,350.0,124,cat05,3
253,KLX230S,https://img.webike-cdn.net/moto_img/cg/11/10114/L_5dd2985ee7aed81e22068751e9.jpg,281.2,232,cat12,3
254,KLX230SM,https://img.webike-cdn.net/moto_img/cg/11/10373/L_94bda4d8f4f08ea1046445997a.jpg,247.2,232,cat12,3
257,VERSYS-X 250 TOURER,https://img.webike-cdn.net/moto_img/cg/11/10374/L_ca273ccef4c6335751f4345abf.jpg,510.0,248,cat10,3
258,Z250,https://img.webike-cdn.net/moto_img/cg/10/9932/L_35d00c85525ea3d81f983f1eed.jpg,518.0,248,cat08,3
259,Z250SL,https://img.webike-cdn.net/moto_img/cg/9/8597/L_6165a465277c2baf745947b6e1.jpg,429.0,249,cat08,3
260,ZX-25R,https://img.webike-cdn.net/moto_img/cg/10/9927/L_9676c26dcfe91af78e266e1b39.jpg,360.0,249,cat09,3
261,ニンジャ 250,https://img.webike-cdn.net/moto_img/cg/10/9931/L_66c82027d4a0852a5c45888db7.jpg,518.0,248,cat09,3
263,Z400,https://img.webike-cdn.net/moto_img/cg/11/10339/L_a3b7c54357c4beb50e380d46b5.jpg,448.0,398,cat08,3
264,ニンジャ 400,https://img.webike-cdn.net/moto_img/cg/11/10340/L_92b997b1fcb77472add950faf4.jpg,448.0,398,cat09,3
268,ZX-6R,https://img.webike-cdn.net/moto_img/cg/11/10350/L_d03e6357e1b953a4909808ae25.jpg,442.0,636,cat09,3
272,Z650,https://img.webike-cdn.net/moto_img/cg/11/10079/L_7eb1a425e660653d3e8c2dfa48.jpg,481.5,649,cat08,3
273,Z650RS,https://img.webike-cdn.net/moto_img/cg/11/10378/L_9e8da9660c1ddb06f6777b8f48.jpg,381.6,649,cat08,3
274,ニンジャ 650,https://img.webike-cdn.net/moto_img/cg/11/10080/L_4e8ee964bdf71ec13630e94f7d.jpg,481.5,649,cat10,3
275,バルカンS,https://img.webike-cdn.net/moto_img/cg/11/10106/L_446b13c23cbe07e5d12d18c06b.jpg,441.0,649,cat11,3
277,MEGURO K3,https://img.webike-cdn.net/moto_img/cg/11/10311/L_85c21a993d9dce6a090fa13ea9.jpg,450.0,773,cat07,3
278,W800,https://img.webike-cdn.net/moto_img/cg/11/10308/L_435431cc5eabd76a5da7ee552a.jpg,450.0,773,cat07,3
279,W800 CAFE,https://img.webike-cdn.net/moto_img/cg/11/10310/L_ac90bd821b2410609f25324f1a.jpg,450.0,773,cat07,3
280,W800 STREET,https://img.webike-cdn.net/moto_img/cg/11/10309/L_0abf73ee175bfdeeaea8351f9b.jpg,450.0,773,cat06,3
281,Z900 (2017-),https://img.webike-cdn.net/moto_img/cg/11/10387/L_19cd012cbd31918902b76f86c6.jpg,408.0,948,cat08,3
282,Z900RS,https://img.webike-cdn.net/moto_img/cg/11/10342/L_6e1f04616af5319a7cda41a782.jpg,484.5,948,cat08,3
283,Z900RS CAFE,https://img.webike-cdn.net/moto_img/cg/11/10344/L_ad68d1a4caa28977e2d203d22c.jpg,484.5,948,cat08,3
284,ニンジャ H2 SX,https://img.webike-cdn.net/moto_img/cg/11/10175/L_2b0f868db06bd7e1ba85e907e7.jpg,541.5,998,cat10,3
285,ニンジャ H2 SX SE,https://img.webike-cdn.net/moto_img/cg/11/10176/L_ef36ee40babfaafad66c5bb3f3.jpg,541.5,998,cat10,3
287,VERSYS 1000 SE,https://img.webike-cdn.net/moto_img/cg/10/9875/L_dd2988e8fee42599941bee1712.jpg,525.0,1043,cat10,3
288,Z H2,https://img.webike-cdn.net/moto_img/cg/11/10077/L_f5477283316f30802ff9c254e0.jpg,321.1,998,cat08,3
289,Z1000 (水冷),https://img.webike-cdn.net/moto_img/cg/11/10105/L_cb1f6e051dd813bad4a8e62309.jpg,391.0,1043,cat08,3
290,ZX-10R,https://img.webike-cdn.net/moto_img/cg/11/10092/L_251a9ce960281d94a77f172c4a.jpg,345.1,998,cat09,3
292,ZX-10RR,https://img.webike-cdn.net/moto_img/cg/10/9700/L_a79dcef39359e53bb2ca433a46.jpg,345.1,998,cat09,3
293,ニンジャ 1000SX,https://img.webike-cdn.net/moto_img/cg/11/10259/L_4419c00355867a7ec0063fd531.jpg,332.5,1043,cat10,3
295,ニンジャ H2 CARBON,https://img.webike-cdn.net/moto_img/cg/10/9545/L_6ea758f9f01960540ee6c042a8.jpg,348.5,998,cat09,3
300,アドレスV50 (4サイクル),https://img.webike-cdn.net/moto_img/cg/10/9626/L_891589be45d14fc5bdba763a69.jpg,316.8,49,cat02,4
301,レッツ(4サイクル),https://img.webike-cdn.net/moto_img/cg/10/9627/L_0413fec892589a30bfd5f69f2b.jpg,316.8,49,cat02,4
302,レッツバスケット,https://img.webike-cdn.net/moto_img/cg/11/10380/L_5282962d90f7bc2414cb0b4427.jpg,316.8,49,cat02,4
304,アドレス110,https://img.webike-cdn.net/moto_img/cg/10/9937/L_bbc235dc5812399de1570741c2.jpg,275.6,112,cat03,4
307,GSX-R125,https://img.webike-cdn.net/moto_img/cg/11/10181/L_ef7f1933ad64572d488d616720.jpg,503.8,124,cat05,4
308,GSX-S125,https://img.webike-cdn.net/moto_img/cg/11/10180/L_d83dcd0599745070a1f2731a8a.jpg,503.8,124,cat05,4
309,SWISH,https://img.webike-cdn.net/moto_img/cg/10/9701/L_2d5fdb4c4819efa94aa7d1d8ab.jpg,280.5,124,cat03,4
310,SWISH LIMITED,https://img.webike-cdn.net/moto_img/cg/10/9702/L_cee6232fd9fd5d944ef032903e.jpg,280.5,124,cat03,4
311,アドレス125,https://img.webike-cdn.net/moto_img/cg/11/10383/L_3f792d487665649397c715fce9.jpg,279.5,124,cat03,4
312,アヴェニス125,https://img.webike-cdn.net/moto_img/cg/11/10384/L_d2e0375ce5df0e7d629cd5e069.jpg,290.7,124,cat03,4
319,ジクサー 150,https://img.webike-cdn.net/moto_img/cg/10/9685/L_56af5c7da382a01e9f02d77423.jpg,663.6,154,cat08,4
320,バーグマン200,https://img.webike-cdn.net/moto_img/cg/10/9665/L_47acd47fada2c7edb2ca02a0b2.jpg,360.6,199,cat04,4
322,GSX250R,https://img.webike-cdn.net/moto_img/cg/10/9617/L_98ee79885ced9d114d6a3092db.jpg,615.0,248,cat09,4
324,Vストローム250,https://img.webike-cdn.net/moto_img/cg/10/9811/L_35f846d95d7264aa88c8b36324.jpg,663.0,248,cat10,4
325,ジクサー 250,https://img.webike-cdn.net/moto_img/cg/10/9699/L_841dc3651165ea6fc16d33a381.jpg,540.0,249,cat08,4
326,ジクサー SF250,https://img.webike-cdn.net/moto_img/cg/10/9698/L_805854c0f3a5a07d6676ddc59a.jpg,540.0,249,cat09,4
328,バーグマン400,https://img.webike-cdn.net/moto_img/cg/10/9843/L_0047cace0321509bdc9cf814a3.jpg,353.6,399,cat04,4
337,SV650,https://img.webike-cdn.net/moto_img/cg/11/10115/L_545fc315fa8b21fd5bdc8811ab.jpg,487.2,645,cat08,4
338,SV650X,https://img.webike-cdn.net/moto_img/cg/11/10116/L_6c8b077b91cd56f667bf2c0bcc.jpg,487.2,645,cat08,4
339,Vストローム650,https://img.webike-cdn.net/moto_img/cg/11/10173/L_e577fb50eee2b2466c1b64f109.jpg,710.0,645,cat10,4
340,Vストローム650XT,https://img.webike-cdn.net/moto_img/cg/11/10174/L_2e9c49b109064610fec520a188.jpg,710.0,645,cat10,4
345,GSX-S750,https://img.webike-cdn.net/moto_img/cg/10/9657/L_b81bfc208f63d8e7cf149dc635.jpg,469.8,749,cat08,4
346,GSX-R1000R,https://img.webike-cdn.net/moto_img/cg/10/9810/L_15e82a06145e238fcf06eda6ef.jpg,353.6,999,cat09,4
347,GSX-S1000,https://img.webike-cdn.net/moto_img/cg/10/9910/L_d4f1e945ca4ff0e435b7b212a3.jpg,402.8,998,cat08,4
348,GSX-S1000F,https://img.webike-cdn.net/moto_img/cg/10/9398/L_a3137d9c929a0cb3738e8ae17b.jpg,413.1,998,cat10,4
349,GSX-S1000GT,https://img.webike-cdn.net/moto_img/cg/11/10134/L_b4f15660613af2e25441251192.jpg,402.8,998,cat10,4
350,KATANA,https://img.webike-cdn.net/moto_img/cg/11/10133/L_41602ef161e7be76084c1b47ff.jpg,254.4,998,cat08,4
351,Vストローム1000,https://img.webike-cdn.net/moto_img/cg/10/9164/L_71302404aeb26ece919a20fc3c.jpg,642.0,1036,cat10,4
352,Vストローム1000XT,https://img.webike-cdn.net/moto_img/cg/10/9165/L_c08439b69f88b5b91f06e55752.jpg,640.0,1036,cat10,4
353,Vストローム1050,https://img.webike-cdn.net/moto_img/cg/10/9677/L_d5100c56b169702d4c2d38ee79.jpg,584.0,1036,cat10,4
354,Vストローム1050XT,https://img.webike-cdn.net/moto_img/cg/10/9678/L_584964f43502a02a8a4aafc554.jpg,584.0,1036,cat10,4
355,HAYABUSA,https://img.webike-cdn.net/moto_img/cg/11/10241/L_dea55205878ee8469a11f653a9.jpg,308.0,1339,cat10,4